Date,Diarrhea,Minimum Temperature,Maximum Temperature,Humidity,Preceptation
1/1/2022,85.0,11.91,22.67,84.06,0.0
1/2/2022,69.0,11.45,22.08,85.19,0.0
1/3/2022,70.0,10.69,22.73,83.88,0.0
1/4/2022,81.0,10.92,22.4,79.38,0.0
1/5/2022,77.0,8.95,22.81,78.69,0.0
1/6/2022,77.0,9.94,23.67,76.75,0.0
1/7/2022,78.0,11.17,24.17,77.5,0.0
1/8/2022,88.0,11.98,24.92,82.31,0.0
1/9/2022,71.0,12.92,25.26,80.06,0.0
1/10/2022,95.0,14.34,25.52,76.5,0.0
1/11/2022,88.0,14.48,25.26,81.62,1.0
1/12/2022,80.0,15.06,23.25,88.56,5.21
1/13/2022,90.0,13.6,23.16,85.88,1.33
1/14/2022,81.0,14.12,22.73,83.12,1.17
1/15/2022,76.0,12.6,23.04,78.62,0.53
1/16/2022,77.0,11.3,22.66,78.5,0.07
1/17/2022,72.0,8.91,22.65,80.19,0.0
1/18/2022,90.0,9.67,22.65,81.56,0.0
1/19/2022,71.0,11.32,23.35,80.88,0.0
1/20/2022,83.0,10.87,22.73,76.62,0.0
1/21/2022,61.0,12.53,24.1,63.44,0.05
1/22/2022,76.0,12.6,24.14,77.75,0.37
1/23/2022,78.0,13.01,25.56,81.94,0.6
1/24/2022,66.0,15.72,21.87,91.81,7.34
1/25/2022,84.0,14.77,23.58,79.56,0.65
1/26/2022,82.0,14.51,23.94,78.81,1.54
1/27/2022,62.0,12.3,22.35,78.0,1.49
1/28/2022,69.0,8.8,21.3,73.31,1.57
1/29/2022,63.0,7.65,20.35,76.25,0.0
1/30/2022,63.0,7.52,22.19,68.81,0.0
1/31/2022,53.0,10.25,24.01,62.12,0.0
2/1/2022,90.0,10.93,25.43,75.81,0.0
2/2/2022,65.0,11.73,25.86,64.06,0.0
2/3/2022,61.0,12.01,27.12,79.31,0.12
2/4/2022,64.0,15.27,26.32,84.25,28.91
2/5/2022,58.0,11.82,22.89,71.19,7.48
2/6/2022,69.0,10.53,22.1,70.56,17.15
2/7/2022,75.0,10.6,22.36,69.5,0.0
2/8/2022,61.0,10.74,23.96,63.5,0.0
2/9/2022,60.0,12.4,25.41,65.38,0.0
2/10/2022,57.0,12.62,25.33,78.38,0.36
2/11/2022,68.0,13.93,24.7,73.88,0.2
2/12/2022,70.0,12.97,23.84,58.44,0.0
2/13/2022,70.0,10.01,24.59,65.94,0.0
2/14/2022,71.0,10.29,25.19,64.94,0.0
2/15/2022,76.0,11.98,25.67,58.38,0.0
2/16/2022,65.0,11.68,25.69,59.19,0.0
2/17/2022,61.0,11.34,26.78,63.38,0.0
2/18/2022,67.0,11.95,26.56,53.75,0.0
2/19/2022,75.0,12.58,27.23,54.38,0.0
2/20/2022,67.0,12.91,28.41,73.94,3.71
2/21/2022,64.0,13.05,27.65,66.25,0.73
2/22/2022,59.0,13.78,27.75,72.94,2.19
2/23/2022,79.0,16.08,28.9,71.94,0.78
2/24/2022,51.0,15.35,30.34,69.44,1.59
2/25/2022,66.0,17.1,29.9,71.56,2.36
2/26/2022,77.0,18.83,30.4,68.62,1.02
2/27/2022,67.0,17.11,30.76,65.38,3.26
2/28/2022,77.0,17.75,30.01,70.44,10.82
3/1/2022,83.0,17.37,29.37,65.5,4.75
3/2/2022,76.0,16.82,29.69,60.62,0.0
3/3/2022,60.0,17.48,30.5,55.75,0.0
3/4/2022,61.0,15.04,30.62,56.81,0.0
3/5/2022,60.0,16.58,31.82,58.0,0.0
3/6/2022,73.0,17.73,31.6,56.0,0.0
3/7/2022,74.0,15.94,32.18,56.25,0.0
3/8/2022,63.0,15.56,32.74,58.69,0.0
3/9/2022,68.0,15.65,33.54,55.25,0.0
3/10/2022,67.0,15.24,33.26,53.88,0.0
3/11/2022,79.0,15.8,32.98,50.75,0.0
3/12/2022,81.0,17.08,33.4,56.25,0.0
3/13/2022,67.0,16.55,33.78,53.75,0.0
3/14/2022,84.0,17.09,35.01,52.62,0.0
3/15/2022,79.0,17.23,35.67,48.06,0.0
3/16/2022,85.0,17.73,36.37,55.19,0.0
3/17/2022,84.0,19.06,36.79,60.62,0.0
3/18/2022,69.0,19.45,37.24,56.88,0.0
3/19/2022,77.0,19.05,37.56,54.25,0.0
3/20/2022,82.0,18.85,37.13,55.5,0.0
3/21/2022,89.0,19.06,37.58,61.0,0.0
3/22/2022,91.0,21.9,38.08,58.25,0.0
3/23/2022,99.0,22.62,38.9,53.12,0.0
3/24/2022,90.0,23.42,38.9,57.5,0.0
3/25/2022,93.0,23.3,38.32,63.75,0.0
3/26/2022,97.0,24.8,38.86,63.0,0.0
3/27/2022,82.0,23.87,38.07,63.38,0.03
3/28/2022,65.0,23.96,38.44,57.75,0.14
3/29/2022,77.0,23.58,38.37,61.62,0.3
3/30/2022,85.0,24.12,38.08,65.0,0.1
3/31/2022,69.0,24.28,38.8,62.62,0.0
4/1/2022,90.0,24.79,39.01,62.88,0.0
4/2/2022,81.0,25.35,38.29,62.5,0.0
4/3/2022,88.0,24.49,38.51,62.75,0.0
4/4/2022,88.0,25.55,39.41,59.0,0.0
4/5/2022,90.0,24.43,39.53,58.06,0.02
4/6/2022,90.0,23.52,39.79,60.88,0.42
4/7/2022,90.0,23.43,40.59,54.69,0.0
4/8/2022,80.0,22.94,40.44,52.06,0.0
4/9/2022,87.0,24.32,40.76,55.19,0.0
4/10/2022,110.0,24.01,40.65,58.19,0.0
4/11/2022,110.0,25.09,41.1,58.0,0.0
4/12/2022,91.0,25.36,40.98,56.69,0.0
4/13/2022,116.0,25.36,41.07,56.5,0.0
4/14/2022,98.0,25.74,41.05,56.94,0.18
4/15/2022,92.0,26.58,43.21,51.5,0.45
4/16/2022,101.0,26.23,41.19,55.81,0.44
4/17/2022,149.0,26.37,41.31,54.25,0.01
4/18/2022,114.0,25.56,41.8,51.88,0.02
4/19/2022,122.0,25.83,41.31,53.38,0.31
4/20/2022,113.0,25.39,40.78,56.12,2.26
4/21/2022,127.0,24.95,38.74,55.81,1.86
4/22/2022,93.0,26.83,39.48,54.56,1.26
4/23/2022,148.0,26.05,40.99,58.75,10.18
4/24/2022,166.0,25.64,41.76,56.25,3.58
4/25/2022,129.0,25.44,42.35,54.88,0.0
4/26/2022,109.0,26.32,42.47,53.5,0.19
4/27/2022,123.0,26.37,42.74,54.69,0.47
4/28/2022,103.0,25.98,43.79,50.38,0.04
4/29/2022,104.0,26.48,43.88,49.94,0.1
4/30/2022,101.0,26.73,41.96,51.12,2.22
5/1/2022,90.0,26.5,40.09,51.12,4.38
5/2/2022,80.0,25.95,38.72,58.44,7.14
5/3/2022,75.0,25.25,35.54,69.0,19.08
5/4/2022,100.0,24.62,34.79,71.94,13.03
5/5/2022,120.0,25.15,36.22,65.44,3.21
5/6/2022,92.0,24.9,35.33,71.44,17.34
5/7/2022,105.0,24.94,36.33,65.19,1.97
5/8/2022,77.0,25.12,37.73,62.5,1.33
5/9/2022,107.0,25.58,33.87,75.5,12.82
5/10/2022,123.0,25.61,32.23,81.31,17.13
5/11/2022,115.0,25.63,33.44,81.31,24.95
5/12/2022,122.0,26.0,34.69,77.88,5.08
5/13/2022,116.0,26.3,34.69,79.19,7.02
5/14/2022,121.0,26.33,37.08,76.38,4.26
5/15/2022,95.0,26.95,34.13,80.06,4.87
5/16/2022,88.0,26.92,32.92,82.5,0.36
5/17/2022,100.0,26.9,33.6,80.06,0.23
5/18/2022,86.0,27.33,32.94,81.25,0.5
5/19/2022,89.0,26.73,36.37,74.94,0.17
5/20/2022,108.0,26.87,36.8,73.25,5.42
5/21/2022,109.0,26.57,34.11,84.0,38.92
5/22/2022,112.0,23.97,33.5,80.25,3.69
5/23/2022,99.0,25.08,35.09,74.81,1.11
5/24/2022,103.0,24.58,36.01,71.75,1.8
5/25/2022,86.0,26.48,34.65,74.5,8.62
5/26/2022,104.0,25.73,35.55,73.12,9.93
5/27/2022,92.0,25.87,35.97,72.44,12.49
5/28/2022,83.0,25.93,36.23,73.06,7.76
5/29/2022,89.0,26.58,34.85,77.12,34.87
5/30/2022,113.0,26.47,32.55,83.25,16.32
5/31/2022,74.0,26.19,32.48,83.0,3.49
6/1/2022,81.0,26.62,31.36,87.88,4.37
6/2/2022,42.0,25.99,33.58,81.38,1.4
6/3/2022,57.0,26.66,32.1,86.06,1.77
6/4/2022,46.0,26.8,32.4,82.81,2.11
6/5/2022,75.0,26.44,32.95,83.69,1.36
6/6/2022,64.0,26.23,33.91,81.38,1.56
6/7/2022,54.0,25.98,35.03,79.31,0.74
6/8/2022,47.0,26.63,33.12,83.56,0.35
6/9/2022,15.0,27.18,32.49,87.44,11.91
6/10/2022,9.0,26.08,33.25,80.56,8.68
6/11/2022,22.0,25.84,33.45,82.31,2.02
6/12/2022,21.0,26.45,34.85,80.25,0.02
6/13/2022,11.0,27.25,35.12,79.38,0.72
6/14/2022,16.0,27.22,33.75,83.44,4.69
6/15/2022,21.0,26.93,33.32,82.88,4.28
6/16/2022,18.0,26.63,30.36,87.44,6.9
6/17/2022,28.0,26.65,30.65,90.0,15.68
6/18/2022,16.0,26.39,30.51,87.94,16.99
6/19/2022,20.0,26.05,30.39,88.38,9.06
6/20/2022,15.0,25.63,29.3,88.94,10.39
6/21/2022,18.0,25.65,30.36,88.44,9.14
6/22/2022,20.0,25.19,31.79,84.94,10.13
6/23/2022,9.0,24.38,32.73,85.44,5.22
6/24/2022,12.0,25.44,32.09,85.56,5.63
6/25/2022,20.0,25.38,33.0,84.38,4.4
6/26/2022,15.0,25.75,31.89,84.81,3.52
6/27/2022,19.0,25.61,32.87,83.31,2.1
6/28/2022,20.0,25.96,31.53,87.38,4.78
6/29/2022,29.0,25.83,31.22,88.56,6.15
6/30/2022,24.0,25.99,30.79,89.31,10.85
7/1/2022,12.0,26.17,31.7,89.44,10.97
7/2/2022,19.0,26.03,32.21,85.94,11.7
7/3/2022,16.0,25.99,31.2,89.06,7.06
7/4/2022,20.0,26.0,32.8,87.12,5.3
7/5/2022,19.0,25.94,32.45,85.94,1.97
7/6/2022,7.0,26.26,30.37,91.06,8.99
7/7/2022,0.0,25.62,32.87,85.75,3.92
7/8/2022,7.0,25.51,31.81,87.31,3.63
7/9/2022,4.0,25.09,32.13,84.81,3.02
7/10/2022,4.0,25.65,32.37,85.56,6.37
7/11/2022,16.0,25.83,32.17,87.0,4.67
7/12/2022,30.0,26.19,32.83,85.38,5.2
7/13/2022,20.0,26.32,33.07,84.88,3.84
7/14/2022,17.0,26.27,30.85,88.44,1.08
7/15/2022,15.0,25.98,32.51,84.88,0.9
7/16/2022,11.0,26.14,33.1,84.69,2.1
7/17/2022,15.0,26.32,34.2,84.44,4.19
7/18/2022,16.0,25.53,33.5,81.69,1.49
7/19/2022,17.0,26.4,32.01,85.88,4.66
7/20/2022,9.0,26.2,32.56,85.62,8.39
7/21/2022,23.0,26.33,33.12,84.69,5.6
7/22/2022,14.0,26.62,32.17,87.88,4.98
7/23/2022,12.0,25.72,31.37,86.75,4.28
7/24/2022,14.0,25.91,29.9,89.62,11.01
7/25/2022,14.0,25.31,29.5,88.31,12.12
7/26/2022,14.0,24.88,32.73,80.62,3.94
7/27/2022,4.0,25.37,32.17,83.69,1.89
7/28/2022,15.0,25.83,29.98,88.12,6.61
7/29/2022,23.0,25.3,33.68,81.19,2.89
7/30/2022,16.0,26.07,32.86,86.25,4.15
7/31/2022,13.0,26.51,31.29,89.62,1.61
8/1/2022,3.0,26.38,31.8,89.25,7.49
8/2/2022,13.0,26.15,33.58,84.56,4.64
8/3/2022,7.0,26.29,31.54,87.94,21.68
8/4/2022,6.0,25.58,31.95,86.5,7.91
8/5/2022,15.0,26.45,33.07,85.69,2.77
8/6/2022,15.0,26.15,31.9,88.56,7.14
8/7/2022,15.0,26.05,33.15,85.44,7.12
8/8/2022,15.0,25.65,30.87,89.12,17.79
8/9/2022,15.0,25.83,31.37,89.62,9.12
8/10/2022,23.0,25.78,29.51,92.94,17.49
8/11/2022,22.0,25.59,29.95,91.38,18.18
8/12/2022,22.0,24.73,33.57,83.38,4.31
8/13/2022,23.0,25.78,31.42,88.19,4.79
8/14/2022,8.0,25.89,30.05,91.5,26.37
8/15/2022,14.0,25.98,30.38,89.69,9.94
8/16/2022,38.0,25.27,32.41,85.88,4.27
8/17/2022,28.0,25.86,33.05,84.44,0.99
8/18/2022,24.0,26.67,33.2,85.12,3.93
8/19/2022,16.0,25.92,31.85,87.56,22.71
8/20/2022,31.0,25.44,31.53,87.81,11.59
8/21/2022,39.0,25.11,32.23,87.88,3.57
8/22/2022,33.0,25.53,32.74,86.38,2.82
8/23/2022,30.0,25.78,31.42,89.62,31.07
8/24/2022,19.0,24.71,31.74,87.81,14.94
8/25/2022,14.0,24.6,32.33,87.12,2.24
8/26/2022,11.0,24.88,31.87,87.06,0.09
8/27/2022,18.0,25.36,30.99,89.88,1.14
8/28/2022,7.0,25.33,31.77,87.69,2.33
8/29/2022,19.0,25.38,32.35,86.25,1.48
8/30/2022,24.0,25.48,33.31,82.75,0.56
8/31/2022,17.0,25.39,32.65,86.44,0.34
9/1/2022,8.0,25.98,30.84,89.5,0.58
9/2/2022,13.0,26.23,31.39,88.12,3.38
9/3/2022,11.0,25.74,32.52,87.62,4.09
9/4/2022,12.0,26.58,31.73,89.94,7.83
9/5/2022,13.0,26.58,30.8,91.31,12.28
9/6/2022,15.0,26.19,31.44,86.62,21.32
9/7/2022,26.0,25.12,31.24,88.62,8.19
9/8/2022,9.0,25.76,32.66,86.06,1.9
9/9/2022,13.0,26.3,30.73,86.06,4.75
9/10/2022,19.0,26.08,29.23,93.81,8.07
9/11/2022,24.0,25.89,28.76,94.38,30.23
9/12/2022,24.0,26.12,28.65,95.25,54.21
9/13/2022,18.0,25.89,29.03,94.75,38.74
9/14/2022,12.0,25.59,28.94,94.31,49.23
9/15/2022,0.0,25.07,30.35,91.94,29.93
9/16/2022,28.0,25.41,29.84,92.31,11.37
9/17/2022,42.0,25.08,31.29,90.19,5.65
9/18/2022,39.0,25.53,31.69,87.5,3.18
9/19/2022,19.0,25.27,31.01,91.69,1.77
9/20/2022,25.0,25.67,30.75,91.25,4.92
9/21/2022,30.0,25.61,31.43,90.25,5.72
9/22/2022,19.0,25.02,31.09,90.69,5.81
9/23/2022,26.0,24.75,30.98,89.69,1.62
9/24/2022,26.0,24.82,30.63,89.56,2.73
9/25/2022,29.0,24.98,31.44,84.88,1.38
9/26/2022,32.0,25.16,29.99,88.69,3.34
9/27/2022,12.0,24.9,30.37,89.5,15.64
9/28/2022,16.0,25.23,30.12,89.44,3.69
9/29/2022,36.0,25.51,32.07,82.12,1.1
9/30/2022,29.0,24.89,32.93,81.75,0.13
10/1/2022,8.0,25.62,32.22,85.56,3.11
10/2/2022,10.0,25.39,29.03,94.75,9.72
10/3/2022,10.0,24.52,29.67,91.75,12.24
10/4/2022,10.0,25.52,30.42,92.19,20.07
10/5/2022,9.0,24.8,30.59,90.94,7.78
10/6/2022,10.0,24.12,30.92,89.31,3.63
10/7/2022,12.0,24.55,30.6,86.19,2.52
10/8/2022,22.0,24.67,31.19,84.31,1.02
10/9/2022,27.0,24.68,29.67,91.31,5.9
10/10/2022,25.0,24.37,29.88,91.0,9.27
10/11/2022,38.0,24.53,29.47,92.88,2.05
10/12/2022,18.0,24.66,29.14,92.25,9.24
10/13/2022,9.0,24.16,29.78,89.5,8.15
10/14/2022,17.0,23.84,30.98,83.94,4.16
10/15/2022,7.0,23.56,30.72,86.5,3.7
10/16/2022,24.0,21.32,30.5,84.31,1.03
10/17/2022,22.0,21.58,30.93,83.19,5.89
10/18/2022,28.0,22.37,30.71,80.25,1.1
10/19/2022,26.0,22.76,30.12,85.62,3.7
10/20/2022,19.0,22.08,30.41,86.19,1.86
10/21/2022,21.0,20.92,30.76,85.31,0.0
10/22/2022,13.0,21.99,31.94,82.19,0.0
10/23/2022,9.0,21.66,27.86,91.44,20.6
10/24/2022,8.0,21.97,24.58,95.44,143.91
10/25/2022,19.0,20.44,28.56,85.38,17.48
10/26/2022,12.0,20.39,29.19,82.19,8.67
10/27/2022,15.0,21.0,29.97,77.31,0.0
10/28/2022,16.0,19.79,28.77,78.0,0.0
10/29/2022,19.0,18.33,28.87,75.75,0.39
10/30/2022,37.0,19.43,29.52,74.31,0.32
10/31/2022,24.0,19.26,29.55,76.31,1.3
11/1/2022,25.0,20.09,30.4,85.12,0.0
11/2/2022,27.0,21.14,29.87,84.25,0.0
11/3/2022,15.0,19.75,27.3,79.56,0.0
11/4/2022,35.0,18.31,28.38,75.62,0.0
11/5/2022,23.0,19.65,29.43,72.06,0.0
11/6/2022,43.0,19.55,29.07,76.19,0.55
11/7/2022,23.0,17.9,28.74,76.31,0.19
11/8/2022,25.0,18.57,28.8,73.44,0.0
11/9/2022,32.0,19.16,28.09,75.62,0.0
11/10/2022,33.0,17.98,27.97,76.06,0.0
11/11/2022,25.0,18.01,28.45,77.88,0.0
11/12/2022,26.0,17.51,28.48,78.44,0.0
11/13/2022,24.0,16.31,26.82,77.19,0.14
11/14/2022,24.0,14.61,26.84,73.69,0.08
11/15/2022,14.0,15.11,27.4,76.62,0.0
11/16/2022,10.0,15.53,27.09,79.81,0.0
11/17/2022,5.0,15.19,27.57,76.12,0.0
11/18/2022,11.0,15.42,26.33,82.62,0.0
11/19/2022,22.0,13.85,27.13,81.44,0.0
11/20/2022,19.0,15.47,27.87,80.56,0.62
11/21/2022,12.0,15.63,26.83,78.81,0.05
11/22/2022,42.0,13.97,26.52,76.88,0.0
11/23/2022,33.0,13.8,25.74,81.12,0.0
11/24/2022,10.0,12.8,26.3,77.12,0.0
11/25/2022,4.0,12.56,26.99,80.88,20.05
11/26/2022,14.0,14.24,26.73,80.12,0.0
11/27/2022,14.0,15.68,26.62,70.5,0.11
11/28/2022,23.0,15.44,26.68,76.44,0.0
11/29/2022,27.0,16.58,27.69,76.75,0.0
11/30/2022,15.0,16.69,27.19,75.38,0.0
12/1/2022,8.0,15.1,27.01,79.12,0.0
12/2/2022,19.0,13.23,26.15,78.12,0.0
12/3/2022,9.0,11.88,25.15,73.5,0.0
12/4/2022,14.0,11.51,25.46,72.5,0.0
12/5/2022,13.0,12.53,26.12,77.44,0.0
12/6/2022,22.0,12.33,25.49,80.62,0.0
12/7/2022,13.0,12.08,25.01,79.12,0.0
12/8/2022,17.0,11.97,25.14,81.56,0.0
12/9/2022,18.0,12.84,25.26,78.88,0.0
12/10/2022,23.0,14.03,26.13,77.06,0.0
12/11/2022,10.0,13.72,26.31,73.12,0.0
12/12/2022,14.0,13.63,26.31,71.12,0.0
12/13/2022,13.0,15.06,26.62,67.38,0.0
12/14/2022,14.0,15.11,26.23,68.5,0.0
12/15/2022,7.0,12.69,25.77,67.12,0.0
12/16/2022,13.0,10.7,24.95,66.0,0.0
12/17/2022,10.0,10.53,24.66,66.56,0.0
12/18/2022,17.0,12.0,24.87,65.88,0.0
12/19/2022,12.0,14.68,26.05,72.19,0.0
12/20/2022,21.0,13.15,25.9,77.94,0.0
12/21/2022,9.0,12.68,25.41,75.25,0.0
12/22/2022,17.0,12.15,24.89,69.94,0.0
12/23/2022,25.0,11.9,26.59,62.75,0.0
12/24/2022,20.0,12.49,26.43,64.38,0.0
12/25/2022,34.0,15.3,27.86,68.0,0.0
12/26/2022,20.0,15.22,28.33,73.94,0.02
12/27/2022,12.0,16.24,28.2,74.25,0.81
12/28/2022,17.0,13.58,24.96,80.06,0.77
12/29/2022,39.0,9.91,24.45,66.81,0.0
12/30/2022,37.0,11.8,24.12,62.88,0.0
12/31/2022,49.0,10.94,25.1,73.19,0.0
1/1/2023,17.0,11.53,24.78,76.94,0.0
1/2/2023,8.0,11.55,24.51,76.44,0.0
1/3/2023,14.0,10.92,24.17,77.0,0.0
1/4/2023,8.0,9.62,23.23,77.19,0.0
1/5/2023,8.0,8.87,23.73,75.62,0.0
1/6/2023,16.0,8.09,24.09,72.12,0.05
1/7/2023,22.0,8.12,23.51,73.25,0.0
1/8/2023,35.0,9.13,24.37,74.06,0.0
1/9/2023,36.0,9.59,26.29,71.88,0.0
1/10/2023,35.0,10.08,26.94,63.56,0.0
1/11/2023,13.0,9.06,24.9,62.88,0.0
1/12/2023,36.0,9.44,25.03,57.88,0.0
1/13/2023,45.0,12.12,26.55,56.75,0.0
1/14/2023,44.0,12.83,27.64,71.06,0.0
1/15/2023,35.0,13.99,26.59,68.56,0.0
1/16/2023,45.0,11.94,25.44,71.38,0.0
1/17/2023,39.0,10.99,25.09,74.38,0.0
1/18/2023,43.0,10.96,23.81,71.12,0.0
1/19/2023,60.0,10.03,24.32,63.75,0.0
1/20/2023,37.0,9.87,24.62,57.38,0.0
1/21/2023,54.0,10.94,26.34,55.19,0.82
1/22/2023,39.0,12.78,27.26,59.81,0.0
1/23/2023,49.0,14.3,28.32,66.31,0.0
1/24/2023,42.0,14.23,29.62,69.62,0.0
1/25/2023,46.0,14.58,29.41,62.94,0.0
1/26/2023,20.0,16.05,29.74,62.06,0.0
1/27/2023,21.0,16.51,29.69,63.12,0.0
1/28/2023,49.0,15.54,28.98,64.62,0.0
1/29/2023,46.0,13.4,28.67,62.25,0.0
1/30/2023,61.0,13.3,29.98,57.88,0.0
1/31/2023,59.0,15.37,29.32,53.88,0.0
2/1/2023,51.0,15.33,29.02,56.12,0.0
2/2/2023,42.0,11.12,28.4,50.06,0.0
2/3/2023,44.0,10.96,28.14,50.06,0.0
2/4/2023,50.0,10.86,28.23,47.5,0.0
2/5/2023,58.0,12.85,28.97,44.06,0.0
2/6/2023,40.0,14.17,29.87,41.62,0.0
2/7/2023,42.0,13.06,30.85,54.75,0.0
2/8/2023,12.0,14.91,32.3,59.06,0.0
2/9/2023,21.0,15.4,31.0,50.31,0.0
2/10/2023,54.0,15.13,30.44,42.62,0.0
2/11/2023,73.0,14.05,33.13,53.81,0.0
2/12/2023,43.0,16.73,32.76,56.81,0.0
2/13/2023,52.0,11.53,30.08,31.44,0.0
2/14/2023,52.0,13.92,30.17,31.75,0.0
2/15/2023,59.0,13.65,28.98,35.19,0.0
2/16/2023,46.0,14.64,29.98,50.0,0.0
2/17/2023,56.0,16.35,30.56,54.12,0.03
2/18/2023,55.0,16.77,30.16,54.31,0.2
2/19/2023,52.0,16.8,30.6,57.88,0.18
2/20/2023,57.0,17.69,32.0,59.06,0.0
2/21/2023,73.0,18.76,33.68,63.81,0.0
2/22/2023,55.0,19.4,35.88,61.62,0.0
2/23/2023,57.0,19.69,35.5,59.06,0.0
2/24/2023,70.0,19.51,34.94,59.0,0.0
2/25/2023,65.0,21.18,34.28,49.38,0.05
2/26/2023,73.0,18.63,34.98,42.06,0.06
2/27/2023,69.0,16.99,34.55,39.44,0.48
2/28/2023,74.0,18.6,35.23,33.44,0.09
3/1/2023,22.0,17.87,35.19,34.56,0.0
3/2/2023,20.0,18.73,35.98,38.0,0.0
3/3/2023,50.0,21.02,36.65,30.88,0.0
3/4/2023,52.0,19.8,37.09,31.44,0.0
3/5/2023,56.0,20.8,37.37,29.88,0.0
3/6/2023,51.0,19.62,37.34,28.44,0.0
3/7/2023,9.0,18.83,37.19,28.44,0.0
3/8/2023,62.0,21.69,36.9,30.44,0.0
3/9/2023,56.0,21.14,34.68,35.12,0.0
3/10/2023,41.0,21.62,33.12,37.25,0.0
3/11/2023,62.0,21.5,36.61,35.94,0.0
3/12/2023,69.0,21.09,37.26,35.44,0.08
3/13/2023,49.0,22.26,37.86,33.12,0.06
3/14/2023,60.0,22.2,36.61,42.94,0.01
3/15/2023,51.0,22.11,36.64,52.06,0.71
3/16/2023,43.0,21.35,34.87,61.62,3.88
3/17/2023,46.0,20.94,32.15,60.44,3.43
3/18/2023,77.0,21.89,32.15,61.75,1.84
3/19/2023,75.0,21.04,28.22,80.06,13.24
3/20/2023,47.0,20.15,30.84,72.62,6.31
3/21/2023,48.0,20.25,32.06,67.12,7.16
3/22/2023,11.0,20.13,32.19,61.19,5.22
3/23/2023,53.0,20.9,32.91,58.75,1.03
3/24/2023,49.0,19.68,34.76,62.0,0.2
3/25/2023,53.0,21.19,35.76,62.88,0.55
3/26/2023,66.0,23.08,36.08,65.25,3.19
3/27/2023,26.0,22.37,34.23,70.88,14.33
3/28/2023,66.0,21.87,34.81,66.69,14.04
3/29/2023,56.0,22.69,34.63,69.44,5.07
3/30/2023,96.0,22.38,33.87,72.69,10.92
3/31/2023,108.0,22.58,31.41,82.94,20.6
4/1/2023,67.0,21.61,28.84,86.69,40.56
4/2/2023,74.0,20.05,31.71,73.19,1.95
4/3/2023,65.0,20.76,33.69,67.25,0.37
4/4/2023,85.0,21.54,35.08,67.5,0.01
4/5/2023,84.0,23.26,36.36,69.0,0.02
4/6/2023,73.0,22.23,36.44,56.56,0.01
4/7/2023,68.0,20.64,36.94,53.06,0.15
4/8/2023,31.0,21.18,37.32,51.62,0.0
4/9/2023,31.0,22.57,37.33,48.06,0.12
4/10/2023,22.0,22.37,37.73,49.44,0.47
4/11/2023,22.0,23.37,38.76,51.06,0.0
4/12/2023,18.0,21.46,39.26,35.19,0.0
4/13/2023,96.0,22.3,40.15,38.38,0.0
4/14/2023,85.0,22.87,41.19,51.75,0.0
4/15/2023,104.0,24.58,41.45,56.31,0.0
4/16/2023,102.0,24.89,40.46,56.06,0.0
4/17/2023,95.0,25.12,41.13,58.75,0.0
4/18/2023,6.0,25.48,41.3,59.88,0.0
4/19/2023,5.0,25.61,41.8,59.69,0.0
4/20/2023,75.0,25.88,42.56,58.44,0.0
4/21/2023,59.0,25.73,40.99,54.75,0.0
4/22/2023,95.0,25.76,39.94,40.94,0.01
4/23/2023,127.0,25.99,34.13,50.69,0.17
4/24/2023,102.0,23.76,36.41,58.38,5.39
4/25/2023,130.0,23.34,35.23,60.31,6.75
4/26/2023,89.0,23.49,38.14,52.69,0.63
4/27/2023,69.0,25.09,38.44,53.88,1.31
4/28/2023,57.0,24.17,35.65,66.44,16.46
4/29/2023,76.0,24.25,37.38,65.69,10.68
4/30/2023,62.0,24.87,36.11,66.06,22.23
5/1/2023,65.0,24.47,32.17,71.38,9.47
5/2/2023,96.0,24.88,35.44,60.44,0.6
5/3/2023,53.0,23.94,35.26,69.94,11.2
5/4/2023,55.0,24.3,34.66,69.31,9.73
5/5/2023,67.0,23.89,34.38,71.88,4.63
5/6/2023,52.0,25.08,35.62,68.56,1.26
5/7/2023,64.0,25.08,38.41,60.06,0.28
5/8/2023,29.0,25.18,40.16,57.62,0.0
5/9/2023,47.0,26.11,40.56,55.12,0.0
5/10/2023,53.0,25.55,40.6,59.5,0.01
5/11/2023,46.0,26.49,39.74,60.38,1.68
5/12/2023,30.0,26.3,36.93,65.19,1.47
5/13/2023,56.0,26.36,37.51,65.12,0.21
5/14/2023,35.0,25.19,37.26,58.88,0.01
5/15/2023,49.0,23.39,39.22,53.06,1.63
5/16/2023,45.0,26.05,39.16,65.69,8.15
5/17/2023,34.0,26.23,36.12,75.44,20.79
5/18/2023,32.0,25.48,32.6,84.69,38.32
5/19/2023,48.0,25.83,34.17,83.25,12.05
5/20/2023,47.0,26.4,36.68,73.56,2.68
5/21/2023,41.0,25.84,35.15,77.69,5.99
5/22/2023,45.0,26.38,34.19,79.19,4.3
5/23/2023,36.0,26.35,33.4,83.62,21.67
5/24/2023,18.0,25.51,31.98,84.25,33.61
5/25/2023,58.0,24.85,31.96,85.31,14.92
5/26/2023,37.0,25.96,32.76,83.25,9.94
5/27/2023,62.0,25.68,33.16,78.69,15.66
5/28/2023,36.0,24.33,33.74,74.06,5.76
5/29/2023,42.0,25.43,34.45,70.88,0.01
5/30/2023,34.0,25.77,35.64,73.12,0.0
5/31/2023,36.0,26.2,36.26,74.56,0.0
6/1/2023,25.0,26.87,35.3,76.5,0.0
6/2/2023,24.0,27.07,36.4,74.81,0.04
6/3/2023,25.0,26.71,35.98,75.5,0.12
6/4/2023,23.0,26.96,35.54,75.19,0.0
6/5/2023,18.0,26.3,35.06,76.44,0.0
6/6/2023,23.0,26.72,35.28,76.25,0.02
6/7/2023,29.0,27.09,35.81,74.5,0.46
6/8/2023,25.0,27.44,37.1,71.44,2.03
6/9/2023,16.0,27.19,33.93,76.44,10.76
6/10/2023,35.0,26.41,35.2,75.75,6.93
6/11/2023,29.0,26.1,34.91,78.44,5.62
6/12/2023,28.0,27.19,33.29,82.38,3.53
6/13/2023,23.0,26.64,34.19,83.56,13.42
6/14/2023,30.0,27.69,34.35,83.94,7.79
6/15/2023,31.0,28.01,36.99,80.0,3.42
6/16/2023,29.0,27.73,34.52,83.69,4.59
6/17/2023,43.0,27.72,34.65,83.19,3.24
6/18/2023,37.0,27.27,32.87,84.38,6.92
6/19/2023,16.0,26.91,31.34,89.06,13.79
6/20/2023,48.0,26.84,31.94,87.44,3.51
6/21/2023,32.0,27.15,31.28,89.69,11.93
6/22/2023,28.0,26.37,31.57,88.19,10.79
6/23/2023,17.0,25.83,33.01,84.62,13.92
6/24/2023,35.0,26.29,33.67,84.5,7.84
6/25/2023,28.0,26.35,33.69,84.25,6.84
6/26/2023,4.0,26.37,30.15,89.44,14.48
6/27/2023,3.0,26.02,29.61,93.5,38.36
6/28/2023,11.0,26.24,29.92,92.25,32.64
6/29/2023,8.0,26.44,30.05,92.75,43.3
6/30/2023,32.0,26.64,31.3,90.94,20.16
7/1/2023,30.0,26.58,32.81,87.31,10.83
7/2/2023,38.0,27.15,31.08,91.94,12.34
7/3/2023,42.0,27.01,32.3,88.94,5.82
7/4/2023,40.0,26.77,33.33,85.69,5.77
7/5/2023,36.0,26.61,32.73,88.0,7.26
7/6/2023,22.0,26.59,32.34,88.31,14.24
7/7/2023,16.0,27.06,31.04,91.06,14.69
7/8/2023,15.0,26.61,33.14,89.38,19.56
7/9/2023,59.0,26.41,32.34,87.44,12.43
7/10/2023,35.0,26.58,33.14,87.25,7.69
7/11/2023,38.0,25.97,33.23,85.69,2.01
7/12/2023,36.0,25.51,31.83,88.0,3.9
7/13/2023,30.0,26.4,30.65,91.44,7.63
7/14/2023,22.0,26.41,31.53,89.5,7.02
7/15/2023,34.0,26.02,32.84,85.44,5.81
7/16/2023,26.0,26.42,32.61,88.0,3.54
7/17/2023,17.0,26.24,32.34,88.94,3.28
7/18/2023,23.0,26.2,32.26,88.06,2.71
7/19/2023,12.0,26.61,33.32,86.75,1.56
7/20/2023,14.0,26.43,32.22,88.81,0.9
7/21/2023,19.0,26.73,31.18,89.94,2.76
7/22/2023,64.0,26.73,32.34,88.62,5.33
7/23/2023,69.0,26.28,32.25,88.38,3.18
7/24/2023,49.0,25.69,33.8,84.81,0.93
7/25/2023,43.0,26.1,33.24,86.12,2.98
7/26/2023,30.0,26.54,32.33,88.25,13.51
7/27/2023,28.0,26.49,33.19,86.75,7.31
7/28/2023,33.0,26.47,33.65,86.88,7.93
7/29/2023,33.0,26.6,33.82,86.62,8.14
7/30/2023,55.0,26.75,33.65,86.0,2.23
7/31/2023,39.0,26.97,34.74,78.62,10.16
8/1/2023,34.0,27.55,34.08,86.5,38.34
8/2/2023,43.0,26.79,31.19,89.81,16.53
8/3/2023,37.0,26.67,32.03,88.12,3.05
8/4/2023,22.0,26.3,31.83,87.5,17.02
8/5/2023,43.0,25.86,31.9,87.56,7.73
8/6/2023,30.0,26.62,29.68,91.19,13.31
8/7/2023,34.0,26.62,30.5,91.81,44.49
8/8/2023,46.0,25.91,31.19,89.69,20.83
8/9/2023,56.0,26.07,30.22,91.31,15.19
8/10/2023,29.0,25.83,32.21,86.56,6.36
8/11/2023,34.0,26.06,31.76,88.06,9.99
8/12/2023,47.0,25.71,30.19,91.94,12.62
8/13/2023,26.0,25.69,31.23,87.44,28.6
8/14/2023,22.0,25.4,32.63,84.12,9.12
8/15/2023,24.0,26.07,31.99,88.12,6.13
8/16/2023,38.0,26.34,32.74,87.44,9.58
8/17/2023,30.0,26.48,30.36,89.88,16.71
8/18/2023,31.0,25.65,31.74,89.25,6.31
8/19/2023,38.0,26.28,32.04,89.12,3.53
8/20/2023,37.0,25.89,32.46,87.56,1.53
8/21/2023,35.0,25.13,32.31,88.88,4.13
8/22/2023,32.0,26.22,31.3,90.75,4.57
8/23/2023,42.0,26.12,31.47,90.56,23.17
8/24/2023,27.0,26.35,30.59,92.62,30.58
8/25/2023,39.0,26.15,30.72,92.0,28.46
8/26/2023,32.0,25.7,30.02,92.88,12.44
8/27/2023,31.0,26.29,31.16,90.69,6.04
8/28/2023,38.0,26.22,32.96,83.81,2.77
8/29/2023,46.0,26.25,33.12,77.12,3.5
8/30/2023,35.0,26.22,33.73,76.06,0.51
8/31/2023,33.0,26.9,33.04,80.81,2.49
9/1/2023,42.0,26.66,32.34,87.88,8.36
9/2/2023,40.0,26.8,31.76,86.94,11.19
9/3/2023,41.0,26.8,31.36,88.44,7.59
9/4/2023,34.0,26.13,29.65,91.88,10.59
9/5/2023,20.0,25.72,32.01,88.81,9.94
9/6/2023,19.0,26.2,30.48,92.38,7.14
9/7/2023,31.0,25.94,31.01,93.19,15.23
9/8/2023,30.0,26.35,29.39,94.44,14.94
9/9/2023,43.0,25.77,31.75,89.19,6.52
9/10/2023,42.0,25.55,32.69,87.19,1.04
9/11/2023,40.0,26.34,32.59,86.94,1.64
9/12/2023,33.0,26.08,32.36,87.75,9.91
9/13/2023,9.0,25.5,29.6,92.56,2.58
9/14/2023,9.423076923076923,26.57,31.12,91.75,13.12
9/15/2023,9.846153846153847,26.22,29.73,93.38,5.2
9/16/2023,10.26923076923077,25.43,32.17,88.62,2.08
9/17/2023,10.692307692307692,26.03,33.18,83.25,2.18
9/18/2023,11.115384615384615,25.98,30.16,91.62,21.64
9/19/2023,11.538461538461538,25.3,30.56,92.31,14.14
9/20/2023,11.961538461538462,26.39,29.46,93.5,25.24
9/21/2023,12.384615384615385,26.31,29.15,94.62,16.27
9/22/2023,12.807692307692307,26.07,29.65,93.44,19.4
9/23/2023,13.23076923076923,25.55,30.9,92.38,16.5
9/24/2023,13.653846153846153,25.9,30.69,92.19,21.98
9/25/2023,14.076923076923077,25.52,30.91,90.81,8.25
9/26/2023,14.5,25.41,32.39,86.44,4.62
9/27/2023,14.923076923076923,25.51,31.34,86.69,2.01
9/28/2023,15.346153846153847,25.32,31.82,87.25,1.33
9/29/2023,15.76923076923077,25.9,30.8,92.38,9.33
9/30/2023,16.192307692307693,26.03,29.22,94.38,11.53
10/1/2023,16.615384615384613,25.26,30.93,90.94,19.42
10/2/2023,17.03846153846154,25.48,30.26,91.94,9.79
10/3/2023,17.46153846153846,25.35,30.88,92.5,28.23
10/4/2023,17.884615384615387,25.87,29.78,94.88,35.35
10/5/2023,18.307692307692307,25.95,28.56,94.88,69.41
10/6/2023,18.73076923076923,25.41,30.51,92.25,23.44
10/7/2023,19.153846153846153,25.4,31.48,90.69,8.53
10/8/2023,19.576923076923077,25.07,32.08,87.56,3.25
10/9/2023,20.0,25.73,31.89,88.0,1.62
10/10/2023,20.423076923076923,25.13,32.19,78.88,0.32
10/11/2023,20.846153846153847,24.53,32.23,79.75,3.35
10/12/2023,21.269230769230766,24.05,32.31,74.94,0.58
10/13/2023,21.692307692307693,24.43,31.75,69.19,1.98
10/14/2023,22.115384615384613,22.26,31.43,68.06,0.75
10/15/2023,22.53846153846154,22.38,31.64,71.5,0.0
10/16/2023,22.96153846153846,21.8,31.12,71.88,0.0
10/17/2023,23.384615384615387,22.9,31.07,74.31,0.01
10/18/2023,23.807692307692307,22.59,30.51,81.06,0.17
10/19/2023,24.23076923076923,21.23,29.56,83.94,0.02
10/20/2023,24.653846153846153,20.47,29.79,84.19,0.0
10/21/2023,25.076923076923077,19.37,29.7,83.94,0.0
10/22/2023,25.5,21.26,29.9,82.12,0.06
10/23/2023,25.923076923076923,22.72,29.37,86.19,5.8
10/24/2023,26.346153846153847,22.8,28.97,89.62,5.22
10/25/2023,26.76923076923077,22.23,29.96,86.0,1.6
10/26/2023,27.192307692307693,21.98,30.28,82.44,0.84
10/27/2023,27.615384615384617,21.23,29.26,82.62,0.34
10/28/2023,28.038461538461537,20.87,29.08,80.44,0.0
10/29/2023,28.46153846153846,19.04,28.74,77.75,0.0
10/30/2023,28.884615384615383,19.75,29.16,76.81,0.0
10/31/2023,29.307692307692307,19.59,29.65,73.0,0.0
11/1/2023,29.73076923076923,20.15,30.22,80.94,0.32
11/2/2023,30.153846153846153,21.05,30.61,81.12,0.19
11/3/2023,30.576923076923077,22.2,30.33,76.25,0.03
11/4/2023,31.0,22.4,29.95,75.62,1.18
11/5/2023,28.0,22.23,28.84,85.38,2.06
11/6/2023,18.0,19.94,28.96,79.5,0.01
11/7/2023,40.0,18.53,27.69,78.19,0.0
11/8/2023,49.0,17.78,28.15,76.75,0.0
11/9/2023,32.0,16.87,28.44,71.94,0.0
11/10/2023,47.0,16.99,28.26,77.31,0.0
11/11/2023,71.0,16.83,28.26,81.31,0.0
11/12/2023,40.0,17.23,28.94,82.5,0.0
11/13/2023,46.0,17.14,28.83,82.75,0.01
11/14/2023,61.0,16.98,29.23,78.19,0.02
11/15/2023,41.0,18.33,28.32,74.44,0.01
11/16/2023,34.0,20.44,26.01,85.5,2.79
11/17/2023,45.0,21.41,28.32,88.19,1.64
11/18/2023,38.0,19.65,28.73,82.62,0.31
11/19/2023,52.0,17.98,29.05,79.12,0.03
11/20/2023,78.0,18.1,29.3,80.62,0.05
11/21/2023,38.0,18.44,28.48,79.06,0.03
11/22/2023,55.0,17.24,28.03,78.19,0.0
11/23/2023,40.0,15.33,27.58,77.19,0.0
11/24/2023,34.0,14.96,27.86,77.25,0.0
11/25/2023,37.0,16.55,28.56,79.69,0.03
11/26/2023,23.0,15.88,28.55,73.38,0.04
11/27/2023,23.0,16.15,29.22,69.12,0.0
11/28/2023,52.0,16.68,29.83,75.81,0.0
11/29/2023,55.0,16.72,28.46,71.81,0.0
11/30/2023,65.0,16.99,29.27,76.31,0.0
12/1/2023,66.0,16.97,29.9,77.62,0.0
12/2/2023,76.0,18.38,29.61,75.44,0.0
12/3/2023,71.0,17.44,29.85,78.06,0.0
12/4/2023,43.0,18.42,28.17,74.94,0.04
12/5/2023,0.0,18.98,25.7,76.94,2.0
